{
  "meta": {
    "platform": "linux",
    "python": "3.12.3",
    "runs_per_case": 30,
    "repeats": 2000,
    "rss_bytes_start": 15089664,
    "rss_bytes_end": 23121920,
    "rss_bytes_peak": 42520576
  },
  "x86_native": {
    "runs": 30,
    "instrs_per_run": 2000,
    "mean_us": 2787089.4823666667,
    "median_us": 2697541.0650000004,
    "p95_us": 3515862.942,
    "ips_mean": 717.5944700209959,
    "ips_median": 741.4159606130036,
    "peak_rss_bytes": 6746112
  },
  "x86_ir": {
    "runs": 30,
    "instrs_per_run": 2000,
    "mean_us": 6558.359366666667,
    "median_us": 5650.7945,
    "p95_us": 11145.155,
    "ips_mean": 304954.31680141593,
    "ips_median": 353932.53108036396,
    "peak_rss_bytes": 0
  },
  "x86_jit": {
    "runs": 30,
    "instrs_per_run": 2000,
    "mean_us": 9843.538066666666,
    "median_us": 7985.257,
    "p95_us": 16780.369,
    "ips_mean": 203178.9775642391,
    "ips_median": 250461.5693646429,
    "peak_rss_bytes": 131072
  },
  "arm_native": {
    "runs": 30,
    "instrs_per_run": 2000,
    "mean_us": 5112924.4468,
    "median_us": 4930450.1095,
    "p95_us": 6409485.159,
    "ips_mean": 391.16556890484264,
    "ips_median": 405.64247798520387,
    "peak_rss_bytes": 0
  },
  "arm_ir": {
    "runs": 30,
    "instrs_per_run": 2000,
    "mean_us": 7882232.637066666,
    "median_us": 6669396.097,
    "p95_us": 16156569.623,
    "ips_mean": 253.7352159075947,
    "ips_median": 299.8772259005027,
    "peak_rss_bytes": 0
  },
  "arm_jit": {
    "runs": 30,
    "instrs_per_run": 2000,
    "mean_us": 6449337.619366666,
    "median_us": 6669821.8780000005,
    "p95_us": 9165064.413,
    "ips_mean": 310.109365959415,
    "ips_median": 299.8580826568814,
    "peak_rss_bytes": 0
  },
  "speedup_vs_native": {
    "x86_ir": 477.3737684143354,
    "x86_jit": 337.8151842827351,
    "arm_ir": 0.739264850638845,
    "arm_jit": 0.7392176582350405
  }
}
